path,label
C:\Users\Virika\Downloads\kvpc\preprocessed_data\GG3_16B0026795_Block_Region_10_9_11_xini_28682_yini_114154.npy,1
C:\Users\Virika\Downloads\kvpc\preprocessed_data\GG5_16B0023613_Block_Region_3_34_29_xini_40599_yini_118210.npy,1
C:\Users\Virika\Downloads\kvpc\preprocessed_data\GG4_17B0019359_Block_Region_1_10_15_xini_27092_yini_61755.npy,1
C:\Users\Virika\Downloads\kvpc\preprocessed_data\GG5_16B0023614_Block_Region_2_18_10_xini_18734_yini_69605.npy,1
C:\Users\Virika\Downloads\kvpc\preprocessed_data\GG5_16B0023614_Block_Region_2_0_17_xini_25902_yini_51173.npy,1
C:\Users\Virika\Downloads\kvpc\preprocessed_data\GG5_16B0023614_Block_Region_2_4_14_xini_22830_yini_55269.npy,1
C:\Users\Virika\Downloads\kvpc\preprocessed_data\GG5_16B0023614_Block_Region_2_0_19_xini_27950_yini_51173.npy,1
C:\Users\Virika\Downloads\kvpc\preprocessed_data\GG3_16B0026795_Block_Region_10_8_12_xini_29706_yini_113130.npy,1
C:\Users\Virika\Downloads\kvpc\preprocessed_data\GG3_16B0024177_Block_Region_0_10_20_xini_42791_yini_118881.npy,1
C:\Users\Virika\Downloads\kvpc\preprocessed_data\GG3_16B0026795_Block_Region_10_6_14_xini_31754_yini_111082.npy,1
C:\Users\Virika\Downloads\kvpc\preprocessed_data\GG5_16B0023614_Block_Region_2_15_12_xini_20782_yini_66533.npy,1
C:\Users\Virika\Downloads\kvpc\preprocessed_data\GG4_17B0021010_Block_Region_0_0_10_xini_41784_yini_129153.npy,1
C:\Users\Virika\Downloads\kvpc\preprocessed_data\GG0_16B0027040_Block_Region_12_3_4_xini_22628_yini_9912.npy,0
C:\Users\Virika\Downloads\kvpc\preprocessed_data\GG1_18B0006622E_Block_Region_0_1_0_xini_13776_yini_146161.npy,1
C:\Users\Virika\Downloads\kvpc\preprocessed_data\GG4_17B0019359_Block_Region_1_15_16_xini_28116_yini_66875.npy,1
C:\Users\Virika\Downloads\kvpc\preprocessed_data\GG3_16B0026795_Block_Region_10_6_15_xini_32778_yini_111082.npy,1
C:\Users\Virika\Downloads\kvpc\preprocessed_data\GG1_18B0005126C_Block_Region_6_5_19_xini_35882_yini_87511.npy,1
C:\Users\Virika\Downloads\kvpc\preprocessed_data\GG1_18B0006622E_Block_Region_0_1_24_xini_38352_yini_146161.npy,1
C:\Users\Virika\Downloads\kvpc\preprocessed_data\GG4_17B0021010_Block_Region_0_3_23_xini_55096_yini_132225.npy,1
C:\Users\Virika\Downloads\kvpc\preprocessed_data\GG5_16B0023614_Block_Region_2_19_8_xini_16686_yini_70629.npy,1
C:\Users\Virika\Downloads\kvpc\preprocessed_data\GG3_16B0026795_Block_Region_10_8_13_xini_30730_yini_113130.npy,1
C:\Users\Virika\Downloads\kvpc\preprocessed_data\GG1_18B0006622E_Block_Region_0_3_33_xini_47568_yini_148209.npy,1
C:\Users\Virika\Downloads\kvpc\preprocessed_data\GG3_16B0026795_Block_Region_10_3_30_xini_48138_yini_108010.npy,1
C:\Users\Virika\Downloads\kvpc\preprocessed_data\GG4_17B0021010_Block_Region_0_0_7_xini_38712_yini_129153.npy,1
C:\Users\Virika\Downloads\kvpc\preprocessed_data\GG0_16B0027040_Block_Region_13_0_2_xini_62620_yini_4522.npy,0
C:\Users\Virika\Downloads\kvpc\preprocessed_data\GG4_17B0019359_Block_Region_1_7_13_xini_25044_yini_58683.npy,1
C:\Users\Virika\Downloads\kvpc\preprocessed_data\GG1_18B0006622E_Block_Region_0_1_23_xini_37328_yini_146161.npy,1
C:\Users\Virika\Downloads\kvpc\preprocessed_data\GG0_16B0027040_Block_Region_10_25_27_xini_56238_yini_41588.npy,0
C:\Users\Virika\Downloads\kvpc\preprocessed_data\GG1_18B0006622E_Block_Region_0_3_5_xini_18896_yini_148209.npy,1
C:\Users\Virika\Downloads\kvpc\preprocessed_data\GG0_16B0027040_Block_Region_12_4_4_xini_22628_yini_10936.npy,0
C:\Users\Virika\Downloads\kvpc\preprocessed_data\GG2_17B0031108_Block_Region_2_5_4_xini_20588_yini_83910.npy,1
C:\Users\Virika\Downloads\kvpc\preprocessed_data\GG4_17B0021010_Block_Region_0_2_4_xini_35640_yini_131201.npy,1
C:\Users\Virika\Downloads\kvpc\preprocessed_data\GG3_16B0026795_Block_Region_10_10_9_xini_26634_yini_115178.npy,1
C:\Users\Virika\Downloads\kvpc\preprocessed_data\GG1_18B0006622E_Block_Region_0_1_2_xini_15824_yini_146161.npy,1
C:\Users\Virika\Downloads\kvpc\preprocessed_data\GG0_16B0027040_Block_Region_12_1_0_xini_18532_yini_7864.npy,0
C:\Users\Virika\Downloads\kvpc\preprocessed_data\GG2_17B0018428_Block_Region_2_29_17_xini_22993_yini_87305.npy,1
C:\Users\Virika\Downloads\kvpc\preprocessed_data\GG5_16B0023614_Block_Region_2_15_10_xini_18734_yini_66533.npy,1
C:\Users\Virika\Downloads\kvpc\preprocessed_data\GG4_17B0021010_Block_Region_0_2_8_xini_39736_yini_131201.npy,1
C:\Users\Virika\Downloads\kvpc\preprocessed_data\GG3_16B0026795_Block_Region_10_10_10_xini_27658_yini_115178.npy,1
C:\Users\Virika\Downloads\kvpc\preprocessed_data\GG4_17B0019359_Block_Region_1_8_13_xini_25044_yini_59707.npy,1
C:\Users\Virika\Downloads\kvpc\preprocessed_data\GG0_16B0027040_Block_Region_12_4_5_xini_23652_yini_10936.npy,0
C:\Users\Virika\Downloads\kvpc\preprocessed_data\GG2_17B0018428_Block_Region_2_27_17_xini_22993_yini_85257.npy,1
C:\Users\Virika\Downloads\kvpc\preprocessed_data\GG3_16B0024177_Block_Region_0_11_23_xini_45863_yini_119905.npy,1
C:\Users\Virika\Downloads\kvpc\preprocessed_data\GG2_17B0031108_Block_Region_2_4_0_xini_16492_yini_82886.npy,1
C:\Users\Virika\Downloads\kvpc\preprocessed_data\GG1_18B0006622E_Block_Region_0_2_5_xini_18896_yini_147185.npy,1
C:\Users\Virika\Downloads\kvpc\preprocessed_data\GG2_17B0031108_Block_Region_2_3_2_xini_18540_yini_81862.npy,1
C:\Users\Virika\Downloads\kvpc\preprocessed_data\GG5_16B0023613_Block_Region_3_33_29_xini_40599_yini_117186.npy,1
C:\Users\Virika\Downloads\kvpc\preprocessed_data\GG2_17B0018428_Block_Region_2_29_13_xini_18897_yini_87305.npy,1
C:\Users\Virika\Downloads\kvpc\preprocessed_data\GG4_17B0021010_Block_Region_0_2_19_xini_51000_yini_131201.npy,1
C:\Users\Virika\Downloads\kvpc\preprocessed_data\GG1_18B0006622E_Block_Region_0_1_5_xini_18896_yini_146161.npy,1
C:\Users\Virika\Downloads\kvpc\preprocessed_data\GG4_17B0021010_Block_Region_0_2_7_xini_38712_yini_131201.npy,1
C:\Users\Virika\Downloads\kvpc\preprocessed_data\GG4_17B0021010_Block_Region_0_3_8_xini_39736_yini_132225.npy,1
C:\Users\Virika\Downloads\kvpc\preprocessed_data\GG5_16B0023614_Block_Region_2_11_12_xini_20782_yini_62437.npy,1
C:\Users\Virika\Downloads\kvpc\preprocessed_data\GG2_17B0031108_Block_Region_2_1_5_xini_21612_yini_79814.npy,1
C:\Users\Virika\Downloads\kvpc\preprocessed_data\GG1_18B0006622E_Block_Region_0_3_6_xini_19920_yini_148209.npy,1
C:\Users\Virika\Downloads\kvpc\preprocessed_data\GG4_17B0021010_Block_Region_0_3_21_xini_53048_yini_132225.npy,1
C:\Users\Virika\Downloads\kvpc\preprocessed_data\GG1_18B0006622E_Block_Region_0_3_15_xini_29136_yini_148209.npy,1
C:\Users\Virika\Downloads\kvpc\preprocessed_data\GG2_17B0018428_Block_Region_2_28_15_xini_20945_yini_86281.npy,1
C:\Users\Virika\Downloads\kvpc\preprocessed_data\GG1_18B0006622E_Block_Region_0_3_20_xini_34256_yini_148209.npy,1
C:\Users\Virika\Downloads\kvpc\preprocessed_data\GG1_18B0006622E_Block_Region_0_0_31_xini_45520_yini_145137.npy,1
C:\Users\Virika\Downloads\kvpc\preprocessed_data\GG3_16B0026795_Block_Region_10_9_13_xini_30730_yini_114154.npy,1
C:\Users\Virika\Downloads\kvpc\preprocessed_data\GG1_18B0006622E_Block_Region_0_3_8_xini_21968_yini_148209.npy,1
C:\Users\Virika\Downloads\kvpc\preprocessed_data\GG5_16B0023614_Block_Region_2_20_9_xini_17710_yini_71653.npy,1
C:\Users\Virika\Downloads\kvpc\preprocessed_data\GG4_17B0021010_Block_Region_0_3_4_xini_35640_yini_132225.npy,1
C:\Users\Virika\Downloads\kvpc\preprocessed_data\GG4_17B0021010_Block_Region_0_3_9_xini_40760_yini_132225.npy,1
C:\Users\Virika\Downloads\kvpc\preprocessed_data\GG0_16B0027040_Block_Region_10_25_22_xini_51118_yini_41588.npy,0
C:\Users\Virika\Downloads\kvpc\preprocessed_data\GG0_16B0027040_Block_Region_12_0_1_xini_19556_yini_6840.npy,0
C:\Users\Virika\Downloads\kvpc\preprocessed_data\GG3_16B0026795_Block_Region_10_5_19_xini_36874_yini_110058.npy,1
C:\Users\Virika\Downloads\kvpc\preprocessed_data\GG0_16B0027040_Block_Region_10_23_21_xini_50094_yini_39540.npy,0
C:\Users\Virika\Downloads\kvpc\preprocessed_data\GG4_17B0027646_Block_Region_6_0_12_xini_18370_yini_54148.npy,1
C:\Users\Virika\Downloads\kvpc\preprocessed_data\GG3_16B0024177_Block_Region_0_10_24_xini_46887_yini_118881.npy,1
C:\Users\Virika\Downloads\kvpc\preprocessed_data\GG3_16B0024177_Block_Region_0_11_25_xini_47911_yini_119905.npy,1
C:\Users\Virika\Downloads\kvpc\preprocessed_data\GG3_16B0026795_Block_Region_10_3_26_xini_44042_yini_108010.npy,1
C:\Users\Virika\Downloads\kvpc\preprocessed_data\GG4_17B0027646_Block_Region_6_0_0_xini_6082_yini_54148.npy,1
C:\Users\Virika\Downloads\kvpc\preprocessed_data\GG3_16B0026795_Block_Region_10_7_13_xini_30730_yini_112106.npy,1
C:\Users\Virika\Downloads\kvpc\preprocessed_data\GG3_16B0024177_Block_Region_0_10_9_xini_31527_yini_118881.npy,1
C:\Users\Virika\Downloads\kvpc\preprocessed_data\GG0_16B0027040_Block_Region_10_20_14_xini_42926_yini_36468.npy,0
C:\Users\Virika\Downloads\kvpc\preprocessed_data\GG4_17B0021010_Block_Region_0_3_22_xini_54072_yini_132225.npy,1
C:\Users\Virika\Downloads\kvpc\preprocessed_data\GG1_18B0006622E_Block_Region_0_3_11_xini_25040_yini_148209.npy,1
C:\Users\Virika\Downloads\kvpc\preprocessed_data\GG1_18B0006622E_Block_Region_0_3_10_xini_24016_yini_148209.npy,1
C:\Users\Virika\Downloads\kvpc\preprocessed_data\GG1_18B0006622E_Block_Region_0_1_33_xini_47568_yini_146161.npy,1
C:\Users\Virika\Downloads\kvpc\preprocessed_data\GG5_16B0023614_Block_Region_2_5_15_xini_23854_yini_56293.npy,1
C:\Users\Virika\Downloads\kvpc\preprocessed_data\GG3_16B0026795_Block_Region_10_6_19_xini_36874_yini_111082.npy,1
C:\Users\Virika\Downloads\kvpc\preprocessed_data\GG4_17B0019359_Block_Region_1_9_13_xini_25044_yini_60731.npy,1
C:\Users\Virika\Downloads\kvpc\preprocessed_data\GG4_17B0021010_Block_Region_0_3_19_xini_51000_yini_132225.npy,1
C:\Users\Virika\Downloads\kvpc\preprocessed_data\GG2_17B0018428_Block_Region_2_30_2_xini_7633_yini_88329.npy,1
C:\Users\Virika\Downloads\kvpc\preprocessed_data\GG3_16B0026795_Block_Region_10_8_16_xini_33802_yini_113130.npy,1
C:\Users\Virika\Downloads\kvpc\preprocessed_data\GG1_18B0006622E_Block_Region_0_2_9_xini_22992_yini_147185.npy,1
C:\Users\Virika\Downloads\kvpc\preprocessed_data\GG2_17B0018428_Block_Region_2_36_1_xini_6609_yini_94473.npy,1
C:\Users\Virika\Downloads\kvpc\preprocessed_data\GG4_17B0021010_Block_Region_0_1_16_xini_47928_yini_130177.npy,1
C:\Users\Virika\Downloads\kvpc\preprocessed_data\GG0_16B0027040_Block_Region_12_6_6_xini_24676_yini_12984.npy,0
C:\Users\Virika\Downloads\kvpc\preprocessed_data\GG2_17B0018428_Block_Region_2_32_1_xini_6609_yini_90377.npy,1
C:\Users\Virika\Downloads\kvpc\preprocessed_data\GG1_18B0006622E_Block_Region_0_0_2_xini_15824_yini_145137.npy,1
C:\Users\Virika\Downloads\kvpc\preprocessed_data\GG2_17B0018428_Block_Region_2_29_14_xini_19921_yini_87305.npy,1
C:\Users\Virika\Downloads\kvpc\preprocessed_data\GG2_17B0018428_Block_Region_2_28_5_xini_10705_yini_86281.npy,1
C:\Users\Virika\Downloads\kvpc\preprocessed_data\GG1_18B0006622E_Block_Region_0_2_20_xini_34256_yini_147185.npy,1
C:\Users\Virika\Downloads\kvpc\preprocessed_data\GG4_17B0019359_Block_Region_1_13_17_xini_29140_yini_64827.npy,1
C:\Users\Virika\Downloads\kvpc\preprocessed_data\GG3_16B0026795_Block_Region_10_3_23_xini_40970_yini_108010.npy,1
C:\Users\Virika\Downloads\kvpc\preprocessed_data\GG0_16B0027040_Block_Region_10_21_14_xini_42926_yini_37492.npy,0
C:\Users\Virika\Downloads\kvpc\preprocessed_data\GG5_16B0023614_Block_Region_2_17_10_xini_18734_yini_68581.npy,1
C:\Users\Virika\Downloads\kvpc\preprocessed_data\GG3_16B0026795_Block_Region_10_5_20_xini_37898_yini_110058.npy,1
C:\Users\Virika\Downloads\kvpc\preprocessed_data\GG0_16B0027040_Block_Region_12_2_1_xini_19556_yini_8888.npy,0
C:\Users\Virika\Downloads\kvpc\preprocessed_data\GG1_18B0006622E_Block_Region_0_2_37_xini_51664_yini_147185.npy,1
C:\Users\Virika\Downloads\kvpc\preprocessed_data\GG5_16B0023614_Block_Region_2_14_11_xini_19758_yini_65509.npy,1
C:\Users\Virika\Downloads\kvpc\preprocessed_data\GG1_18B0006622E_Block_Region_0_2_27_xini_41424_yini_147185.npy,1
C:\Users\Virika\Downloads\kvpc\preprocessed_data\GG5_16B0023614_Block_Region_2_14_13_xini_21806_yini_65509.npy,1
C:\Users\Virika\Downloads\kvpc\preprocessed_data\GG2_17B0031108_Block_Region_2_0_8_xini_24684_yini_78790.npy,1
C:\Users\Virika\Downloads\kvpc\preprocessed_data\GG3_16B0026795_Block_Region_10_2_30_xini_48138_yini_106986.npy,1
C:\Users\Virika\Downloads\kvpc\preprocessed_data\GG5_16B0023614_Block_Region_2_8_12_xini_20782_yini_59365.npy,1
C:\Users\Virika\Downloads\kvpc\preprocessed_data\GG2_17B0018428_Block_Region_2_28_13_xini_18897_yini_86281.npy,1
C:\Users\Virika\Downloads\kvpc\preprocessed_data\GG3_16B0026795_Block_Region_10_7_17_xini_34826_yini_112106.npy,1
C:\Users\Virika\Downloads\kvpc\preprocessed_data\GG0_16B0027040_Block_Region_12_5_5_xini_23652_yini_11960.npy,0
C:\Users\Virika\Downloads\kvpc\preprocessed_data\GG4_17B0019359_Block_Region_1_9_14_xini_26068_yini_60731.npy,1
C:\Users\Virika\Downloads\kvpc\preprocessed_data\GG1_18B0006622E_Block_Region_0_3_34_xini_48592_yini_148209.npy,1
C:\Users\Virika\Downloads\kvpc\preprocessed_data\GG4_17B0021010_Block_Region_0_1_15_xini_46904_yini_130177.npy,1
C:\Users\Virika\Downloads\kvpc\preprocessed_data\GG1_18B0006622E_Block_Region_0_3_14_xini_28112_yini_148209.npy,1
C:\Users\Virika\Downloads\kvpc\preprocessed_data\GG4_17B0021010_Block_Region_0_0_13_xini_44856_yini_129153.npy,1
C:\Users\Virika\Downloads\kvpc\preprocessed_data\GG0_16B0027040_Block_Region_10_23_17_xini_45998_yini_39540.npy,0
C:\Users\Virika\Downloads\kvpc\preprocessed_data\GG1_18B0006622E_Block_Region_0_1_3_xini_16848_yini_146161.npy,1
C:\Users\Virika\Downloads\kvpc\preprocessed_data\GG5_16B0023614_Block_Region_2_1_19_xini_27950_yini_52197.npy,1
C:\Users\Virika\Downloads\kvpc\preprocessed_data\GG0_16B0027040_Block_Region_10_24_22_xini_51118_yini_40564.npy,0
C:\Users\Virika\Downloads\kvpc\preprocessed_data\GG2_17B0018428_Block_Region_2_29_2_xini_7633_yini_87305.npy,1
C:\Users\Virika\Downloads\kvpc\preprocessed_data\GG4_17B0021010_Block_Region_0_0_17_xini_48952_yini_129153.npy,1
C:\Users\Virika\Downloads\kvpc\preprocessed_data\GG1_18B0006622E_Block_Region_0_1_26_xini_40400_yini_146161.npy,1
C:\Users\Virika\Downloads\kvpc\preprocessed_data\GG5_16B0023614_Block_Region_2_16_12_xini_20782_yini_67557.npy,1
C:\Users\Virika\Downloads\kvpc\preprocessed_data\GG4_17B0021010_Block_Region_0_3_5_xini_36664_yini_132225.npy,1
C:\Users\Virika\Downloads\kvpc\preprocessed_data\GG1_18B0006622E_Block_Region_0_3_16_xini_30160_yini_148209.npy,1
C:\Users\Virika\Downloads\kvpc\preprocessed_data\GG0_16B0027040_Block_Region_10_20_15_xini_43950_yini_36468.npy,0
C:\Users\Virika\Downloads\kvpc\preprocessed_data\GG5_16B0023614_Block_Region_2_18_9_xini_17710_yini_69605.npy,1
C:\Users\Virika\Downloads\kvpc\preprocessed_data\GG2_17B0018428_Block_Region_2_27_19_xini_25041_yini_85257.npy,1
C:\Users\Virika\Downloads\kvpc\preprocessed_data\GG5_16B0023614_Block_Region_2_0_23_xini_32046_yini_51173.npy,1
C:\Users\Virika\Downloads\kvpc\preprocessed_data\GG5_16B0023614_Block_Region_2_1_22_xini_31022_yini_52197.npy,1
C:\Users\Virika\Downloads\kvpc\preprocessed_data\GG5_16B0023614_Block_Region_2_1_18_xini_26926_yini_52197.npy,1
C:\Users\Virika\Downloads\kvpc\preprocessed_data\GG5_16B0023614_Block_Region_2_1_21_xini_29998_yini_52197.npy,1
C:\Users\Virika\Downloads\kvpc\preprocessed_data\GG3_16B0026795_Block_Region_10_10_11_xini_28682_yini_115178.npy,1
C:\Users\Virika\Downloads\kvpc\preprocessed_data\GG5_16B0023614_Block_Region_2_19_9_xini_17710_yini_70629.npy,1
C:\Users\Virika\Downloads\kvpc\preprocessed_data\GG0_16B0027040_Block_Region_10_27_26_xini_55214_yini_43636.npy,0
C:\Users\Virika\Downloads\kvpc\preprocessed_data\GG1_18B0006622E_Block_Region_0_2_8_xini_21968_yini_147185.npy,1
C:\Users\Virika\Downloads\kvpc\preprocessed_data\GG3_16B0024177_Block_Region_0_10_21_xini_43815_yini_118881.npy,1
C:\Users\Virika\Downloads\kvpc\preprocessed_data\GG1_18B0006622E_Block_Region_0_2_6_xini_19920_yini_147185.npy,1
C:\Users\Virika\Downloads\kvpc\preprocessed_data\GG1_18B0006622E_Block_Region_0_0_27_xini_41424_yini_145137.npy,1
C:\Users\Virika\Downloads\kvpc\preprocessed_data\GG5_16B0023614_Block_Region_2_1_23_xini_32046_yini_52197.npy,1
C:\Users\Virika\Downloads\kvpc\preprocessed_data\GG5_16B0023614_Block_Region_2_11_14_xini_22830_yini_62437.npy,1
C:\Users\Virika\Downloads\kvpc\preprocessed_data\GG0_16B0027040_Block_Region_10_24_19_xini_48046_yini_40564.npy,0
C:\Users\Virika\Downloads\kvpc\preprocessed_data\GG1_18B0006622E_Block_Region_0_1_4_xini_17872_yini_146161.npy,1
C:\Users\Virika\Downloads\kvpc\preprocessed_data\GG5_16B0023613_Block_Region_3_34_28_xini_39575_yini_118210.npy,1
C:\Users\Virika\Downloads\kvpc\preprocessed_data\GG4_17B0021010_Block_Region_0_2_3_xini_34616_yini_131201.npy,1
C:\Users\Virika\Downloads\kvpc\preprocessed_data\GG4_17B0021010_Block_Region_0_2_5_xini_36664_yini_131201.npy,1
C:\Users\Virika\Downloads\kvpc\preprocessed_data\GG1_18B0006622E_Block_Region_0_3_13_xini_27088_yini_148209.npy,1
C:\Users\Virika\Downloads\kvpc\preprocessed_data\GG5_16B0023614_Block_Region_2_14_14_xini_22830_yini_65509.npy,1
C:\Users\Virika\Downloads\kvpc\preprocessed_data\GG1_18B0006622E_Block_Region_0_2_19_xini_33232_yini_147185.npy,1
C:\Users\Virika\Downloads\kvpc\preprocessed_data\GG2_17B0018428_Block_Region_2_36_2_xini_7633_yini_94473.npy,1
C:\Users\Virika\Downloads\kvpc\preprocessed_data\GG1_18B0006622E_Block_Region_0_2_7_xini_20944_yini_147185.npy,1
C:\Users\Virika\Downloads\kvpc\preprocessed_data\GG4_17B0021010_Block_Region_0_3_2_xini_33592_yini_132225.npy,1
C:\Users\Virika\Downloads\kvpc\preprocessed_data\GG3_16B0026795_Block_Region_10_1_23_xini_40970_yini_105962.npy,1
C:\Users\Virika\Downloads\kvpc\preprocessed_data\GG1_18B0006622E_Block_Region_0_2_22_xini_36304_yini_147185.npy,1
C:\Users\Virika\Downloads\kvpc\preprocessed_data\GG2_17B0018428_Block_Region_2_29_11_xini_16849_yini_87305.npy,1
C:\Users\Virika\Downloads\kvpc\preprocessed_data\GG4_17B0021010_Block_Region_0_1_6_xini_37688_yini_130177.npy,1
C:\Users\Virika\Downloads\kvpc\preprocessed_data\GG3_16B0024177_Block_Region_0_10_18_xini_40743_yini_118881.npy,1
C:\Users\Virika\Downloads\kvpc\preprocessed_data\GG2_17B0018428_Block_Region_2_31_2_xini_7633_yini_89353.npy,1
C:\Users\Virika\Downloads\kvpc\preprocessed_data\GG4_17B0021010_Block_Region_0_2_12_xini_43832_yini_131201.npy,1
C:\Users\Virika\Downloads\kvpc\preprocessed_data\GG2_17B0018428_Block_Region_2_33_1_xini_6609_yini_91401.npy,1
C:\Users\Virika\Downloads\kvpc\preprocessed_data\GG0_16B0027040_Block_Region_10_26_27_xini_56238_yini_42612.npy,0
C:\Users\Virika\Downloads\kvpc\preprocessed_data\GG3_16B0026795_Block_Region_10_5_21_xini_38922_yini_110058.npy,1
C:\Users\Virika\Downloads\kvpc\preprocessed_data\GG5_16B0023614_Block_Region_2_7_15_xini_23854_yini_58341.npy,1
C:\Users\Virika\Downloads\kvpc\preprocessed_data\GG0_16B0027040_Block_Region_10_19_14_xini_42926_yini_35444.npy,0
C:\Users\Virika\Downloads\kvpc\preprocessed_data\GG2_17B0031108_Block_Region_2_3_1_xini_17516_yini_81862.npy,1
C:\Users\Virika\Downloads\kvpc\preprocessed_data\GG2_17B0018428_Block_Region_2_33_0_xini_5585_yini_91401.npy,1
C:\Users\Virika\Downloads\kvpc\preprocessed_data\GG2_17B0031108_Block_Region_2_5_1_xini_17516_yini_83910.npy,1
C:\Users\Virika\Downloads\kvpc\preprocessed_data\GG5_16B0023614_Block_Region_2_1_20_xini_28974_yini_52197.npy,1
C:\Users\Virika\Downloads\kvpc\preprocessed_data\GG2_17B0018428_Block_Region_2_29_8_xini_13777_yini_87305.npy,1
C:\Users\Virika\Downloads\kvpc\preprocessed_data\GG3_16B0024177_Block_Region_0_10_22_xini_44839_yini_118881.npy,1
C:\Users\Virika\Downloads\kvpc\preprocessed_data\GG5_16B0023614_Block_Region_2_12_13_xini_21806_yini_63461.npy,1
C:\Users\Virika\Downloads\kvpc\preprocessed_data\GG2_17B0031108_Block_Region_2_3_7_xini_23660_yini_81862.npy,1
C:\Users\Virika\Downloads\kvpc\preprocessed_data\GG4_17B0019359_Block_Region_1_11_15_xini_27092_yini_62779.npy,1
C:\Users\Virika\Downloads\kvpc\preprocessed_data\GG2_17B0031108_Block_Region_3_1_0_xini_25518_yini_52023.npy,1
C:\Users\Virika\Downloads\kvpc\preprocessed_data\GG0_16B0027040_Block_Region_12_1_1_xini_19556_yini_7864.npy,0
C:\Users\Virika\Downloads\kvpc\preprocessed_data\GG4_17B0019359_Block_Region_1_8_15_xini_27092_yini_59707.npy,1
C:\Users\Virika\Downloads\kvpc\preprocessed_data\GG2_17B0018428_Block_Region_2_28_16_xini_21969_yini_86281.npy,1
C:\Users\Virika\Downloads\kvpc\preprocessed_data\GG5_16B0023614_Block_Region_2_18_8_xini_16686_yini_69605.npy,1
C:\Users\Virika\Downloads\kvpc\preprocessed_data\GG3_16B0024177_Block_Region_0_10_19_xini_41767_yini_118881.npy,1
C:\Users\Virika\Downloads\kvpc\preprocessed_data\GG2_17B0018428_Block_Region_2_28_10_xini_15825_yini_86281.npy,1
C:\Users\Virika\Downloads\kvpc\preprocessed_data\GG4_17B0021010_Block_Region_0_2_10_xini_41784_yini_131201.npy,1
C:\Users\Virika\Downloads\kvpc\preprocessed_data\GG3_16B0026795_Block_Region_10_1_30_xini_48138_yini_105962.npy,1
C:\Users\Virika\Downloads\kvpc\preprocessed_data\GG4_17B0021010_Block_Region_0_0_8_xini_39736_yini_129153.npy,1
C:\Users\Virika\Downloads\kvpc\preprocessed_data\GG4_17B0021010_Block_Region_0_0_15_xini_46904_yini_129153.npy,1
C:\Users\Virika\Downloads\kvpc\preprocessed_data\GG0_16B0027040_Block_Region_10_25_26_xini_55214_yini_41588.npy,0
C:\Users\Virika\Downloads\kvpc\preprocessed_data\GG0_16B0027040_Block_Region_10_22_20_xini_49070_yini_38516.npy,0
C:\Users\Virika\Downloads\kvpc\preprocessed_data\GG3_16B0026795_Block_Region_10_1_34_xini_52234_yini_105962.npy,1
C:\Users\Virika\Downloads\kvpc\preprocessed_data\GG2_17B0018428_Block_Region_2_28_19_xini_25041_yini_86281.npy,1
C:\Users\Virika\Downloads\kvpc\preprocessed_data\GG0_16B0027040_Block_Region_10_26_25_xini_54190_yini_42612.npy,0
C:\Users\Virika\Downloads\kvpc\preprocessed_data\GG2_17B0018428_Block_Region_2_29_5_xini_10705_yini_87305.npy,1
C:\Users\Virika\Downloads\kvpc\preprocessed_data\GG0_16B0027040_Block_Region_10_26_26_xini_55214_yini_42612.npy,0
C:\Users\Virika\Downloads\kvpc\preprocessed_data\GG4_17B0019359_Block_Region_1_8_14_xini_26068_yini_59707.npy,1
C:\Users\Virika\Downloads\kvpc\preprocessed_data\GG1_18B0006622E_Block_Region_0_3_9_xini_22992_yini_148209.npy,1
C:\Users\Virika\Downloads\kvpc\preprocessed_data\GG2_17B0018428_Block_Region_2_27_18_xini_24017_yini_85257.npy,1
C:\Users\Virika\Downloads\kvpc\preprocessed_data\GG2_17B0031108_Block_Region_2_6_0_xini_16492_yini_84934.npy,1
C:\Users\Virika\Downloads\kvpc\preprocessed_data\GG2_17B0018428_Block_Region_2_32_2_xini_7633_yini_90377.npy,1
C:\Users\Virika\Downloads\kvpc\preprocessed_data\GG2_17B0031108_Block_Region_2_3_4_xini_20588_yini_81862.npy,1
C:\Users\Virika\Downloads\kvpc\preprocessed_data\GG3_16B0026795_Block_Region_10_3_29_xini_47114_yini_108010.npy,1
C:\Users\Virika\Downloads\kvpc\preprocessed_data\GG3_16B0026795_Block_Region_10_1_28_xini_46090_yini_105962.npy,1
C:\Users\Virika\Downloads\kvpc\preprocessed_data\GG0_16B0027040_Block_Region_12_0_2_xini_20580_yini_6840.npy,0
C:\Users\Virika\Downloads\kvpc\preprocessed_data\GG2_17B0031108_Block_Region_2_4_5_xini_21612_yini_82886.npy,1
C:\Users\Virika\Downloads\kvpc\preprocessed_data\GG0_16B0027040_Block_Region_10_25_19_xini_48046_yini_41588.npy,0
C:\Users\Virika\Downloads\kvpc\preprocessed_data\GG4_17B0021010_Block_Region_0_1_11_xini_42808_yini_130177.npy,1
C:\Users\Virika\Downloads\kvpc\preprocessed_data\GG3_16B0026795_Block_Region_10_8_15_xini_32778_yini_113130.npy,1
C:\Users\Virika\Downloads\kvpc\preprocessed_data\GG1_18B0006622E_Block_Region_0_4_19_xini_33232_yini_149233.npy,1
C:\Users\Virika\Downloads\kvpc\preprocessed_data\GG4_17B0021010_Block_Region_0_0_16_xini_47928_yini_129153.npy,1
C:\Users\Virika\Downloads\kvpc\preprocessed_data\GG4_17B0021010_Block_Region_0_1_21_xini_53048_yini_130177.npy,1
C:\Users\Virika\Downloads\kvpc\preprocessed_data\GG0_16B0027040_Block_Region_10_25_23_xini_52142_yini_41588.npy,0
C:\Users\Virika\Downloads\kvpc\preprocessed_data\GG0_16B0027040_Block_Region_10_20_16_xini_44974_yini_36468.npy,0
C:\Users\Virika\Downloads\kvpc\preprocessed_data\GG5_16B0023614_Block_Region_2_16_13_xini_21806_yini_67557.npy,1
C:\Users\Virika\Downloads\kvpc\preprocessed_data\GG5_16B0023614_Block_Region_2_10_13_xini_21806_yini_61413.npy,1
C:\Users\Virika\Downloads\kvpc\preprocessed_data\GG5_16B0023614_Block_Region_2_0_18_xini_26926_yini_51173.npy,1
C:\Users\Virika\Downloads\kvpc\preprocessed_data\GG2_17B0018428_Block_Region_2_28_14_xini_19921_yini_86281.npy,1
C:\Users\Virika\Downloads\kvpc\preprocessed_data\GG2_17B0031108_Block_Region_3_0_0_xini_25518_yini_50999.npy,1
C:\Users\Virika\Downloads\kvpc\preprocessed_data\GG4_17B0019359_Block_Region_1_7_14_xini_26068_yini_58683.npy,1
C:\Users\Virika\Downloads\kvpc\preprocessed_data\GG2_17B0018428_Block_Region_2_30_3_xini_8657_yini_88329.npy,1
C:\Users\Virika\Downloads\kvpc\preprocessed_data\GG5_16B0023613_Block_Region_3_32_30_xini_41623_yini_116162.npy,1
C:\Users\Virika\Downloads\kvpc\preprocessed_data\GG0_16B0027040_Block_Region_13_0_1_xini_61596_yini_4522.npy,0
C:\Users\Virika\Downloads\kvpc\preprocessed_data\GG0_16B0027040_Block_Region_12_6_9_xini_27748_yini_12984.npy,0
C:\Users\Virika\Downloads\kvpc\preprocessed_data\GG1_18B0006622E_Block_Region_0_2_24_xini_38352_yini_147185.npy,1
C:\Users\Virika\Downloads\kvpc\preprocessed_data\GG2_17B0031108_Block_Region_2_2_9_xini_25708_yini_80838.npy,1
C:\Users\Virika\Downloads\kvpc\preprocessed_data\GG0_16B0027040_Block_Region_12_2_2_xini_20580_yini_8888.npy,0
C:\Users\Virika\Downloads\kvpc\preprocessed_data\GG0_16B0027040_Block_Region_10_24_24_xini_53166_yini_40564.npy,0
C:\Users\Virika\Downloads\kvpc\preprocessed_data\GG2_17B0018428_Block_Region_2_34_0_xini_5585_yini_92425.npy,1
C:\Users\Virika\Downloads\kvpc\preprocessed_data\GG0_16B0027040_Block_Region_12_0_4_xini_22628_yini_6840.npy,0
C:\Users\Virika\Downloads\kvpc\preprocessed_data\GG4_17B0027646_Block_Region_6_1_0_xini_6082_yini_55172.npy,1
C:\Users\Virika\Downloads\kvpc\preprocessed_data\GG5_16B0023614_Block_Region_2_20_8_xini_16686_yini_71653.npy,1
C:\Users\Virika\Downloads\kvpc\preprocessed_data\GG4_17B0019359_Block_Region_1_13_15_xini_27092_yini_64827.npy,1
C:\Users\Virika\Downloads\kvpc\preprocessed_data\GG0_16B0027040_Block_Region_10_21_15_xini_43950_yini_37492.npy,0
C:\Users\Virika\Downloads\kvpc\preprocessed_data\GG4_17B0019359_Block_Region_1_8_12_xini_24020_yini_59707.npy,1
C:\Users\Virika\Downloads\kvpc\preprocessed_data\GG0_16B0027040_Block_Region_10_21_17_xini_45998_yini_37492.npy,0
C:\Users\Virika\Downloads\kvpc\preprocessed_data\GG4_17B0021010_Block_Region_0_2_20_xini_52024_yini_131201.npy,1
C:\Users\Virika\Downloads\kvpc\preprocessed_data\GG2_17B0018428_Block_Region_2_28_6_xini_11729_yini_86281.npy,1
C:\Users\Virika\Downloads\kvpc\preprocessed_data\GG3_16B0026795_Block_Region_10_2_28_xini_46090_yini_106986.npy,1
C:\Users\Virika\Downloads\kvpc\preprocessed_data\GG0_16B0027040_Block_Region_12_5_6_xini_24676_yini_11960.npy,0
C:\Users\Virika\Downloads\kvpc\preprocessed_data\GG0_16B0027040_Block_Region_10_22_19_xini_48046_yini_38516.npy,0
C:\Users\Virika\Downloads\kvpc\preprocessed_data\GG0_16B0027040_Block_Region_10_25_21_xini_50094_yini_41588.npy,0
C:\Users\Virika\Downloads\kvpc\preprocessed_data\GG4_17B0021010_Block_Region_0_2_11_xini_42808_yini_131201.npy,1
C:\Users\Virika\Downloads\kvpc\preprocessed_data\GG2_17B0018428_Block_Region_2_27_15_xini_20945_yini_85257.npy,1
C:\Users\Virika\Downloads\kvpc\preprocessed_data\GG1_18B0006622E_Block_Region_0_1_25_xini_39376_yini_146161.npy,1
C:\Users\Virika\Downloads\kvpc\preprocessed_data\GG3_16B0026795_Block_Region_10_2_25_xini_43018_yini_106986.npy,1
C:\Users\Virika\Downloads\kvpc\preprocessed_data\GG3_16B0026795_Block_Region_10_1_24_xini_41994_yini_105962.npy,1
C:\Users\Virika\Downloads\kvpc\preprocessed_data\GG2_17B0031108_Block_Region_2_0_7_xini_23660_yini_78790.npy,1
C:\Users\Virika\Downloads\kvpc\preprocessed_data\GG2_17B0018428_Block_Region_2_29_16_xini_21969_yini_87305.npy,1
C:\Users\Virika\Downloads\kvpc\preprocessed_data\GG0_16B0027040_Block_Region_10_26_24_xini_53166_yini_42612.npy,0
C:\Users\Virika\Downloads\kvpc\preprocessed_data\GG0_16B0027040_Block_Region_13_0_0_xini_60572_yini_4522.npy,0
C:\Users\Virika\Downloads\kvpc\preprocessed_data\GG3_16B0026795_Block_Region_10_2_32_xini_50186_yini_106986.npy,1
C:\Users\Virika\Downloads\kvpc\preprocessed_data\GG2_17B0031108_Block_Region_2_5_3_xini_19564_yini_83910.npy,1
C:\Users\Virika\Downloads\kvpc\preprocessed_data\GG3_16B0026795_Block_Region_10_5_16_xini_33802_yini_110058.npy,1
C:\Users\Virika\Downloads\kvpc\preprocessed_data\GG4_17B0019359_Block_Region_1_15_17_xini_29140_yini_66875.npy,1
C:\Users\Virika\Downloads\kvpc\preprocessed_data\GG3_16B0026795_Block_Region_10_2_24_xini_41994_yini_106986.npy,1
C:\Users\Virika\Downloads\kvpc\preprocessed_data\GG4_17B0019359_Block_Region_1_9_15_xini_27092_yini_60731.npy,1
C:\Users\Virika\Downloads\kvpc\preprocessed_data\GG3_16B0026795_Block_Region_10_4_22_xini_39946_yini_109034.npy,1
C:\Users\Virika\Downloads\kvpc\preprocessed_data\GG5_16B0023614_Block_Region_2_18_11_xini_19758_yini_69605.npy,1
C:\Users\Virika\Downloads\kvpc\preprocessed_data\GG4_17B0021010_Block_Region_0_1_13_xini_44856_yini_130177.npy,1
C:\Users\Virika\Downloads\kvpc\preprocessed_data\GG2_17B0031108_Block_Region_2_4_2_xini_18540_yini_82886.npy,1
C:\Users\Virika\Downloads\kvpc\preprocessed_data\GG2_17B0031108_Block_Region_2_4_6_xini_22636_yini_82886.npy,1
C:\Users\Virika\Downloads\kvpc\preprocessed_data\GG4_17B0021010_Block_Region_0_1_5_xini_36664_yini_130177.npy,1
C:\Users\Virika\Downloads\kvpc\preprocessed_data\GG0_16B0027040_Block_Region_10_24_20_xini_49070_yini_40564.npy,0
C:\Users\Virika\Downloads\kvpc\preprocessed_data\GG1_18B0006622E_Block_Region_0_2_23_xini_37328_yini_147185.npy,1
C:\Users\Virika\Downloads\kvpc\preprocessed_data\GG0_16B0027040_Block_Region_14_3_2_xini_22238_yini_5753.npy,0
C:\Users\Virika\Downloads\kvpc\preprocessed_data\GG5_16B0023614_Block_Region_2_11_13_xini_21806_yini_62437.npy,1
C:\Users\Virika\Downloads\kvpc\preprocessed_data\GG3_16B0026795_Block_Region_10_3_22_xini_39946_yini_108010.npy,1
C:\Users\Virika\Downloads\kvpc\preprocessed_data\GG3_16B0026795_Block_Region_10_1_29_xini_47114_yini_105962.npy,1
C:\Users\Virika\Downloads\kvpc\preprocessed_data\GG2_17B0018428_Block_Region_2_28_9_xini_14801_yini_86281.npy,1
C:\Users\Virika\Downloads\kvpc\preprocessed_data\GG1_18B0006622E_Block_Region_0_2_29_xini_43472_yini_147185.npy,1
C:\Users\Virika\Downloads\kvpc\preprocessed_data\GG2_17B0031108_Block_Region_2_5_2_xini_18540_yini_83910.npy,1
C:\Users\Virika\Downloads\kvpc\preprocessed_data\GG0_16B0027040_Block_Region_14_4_0_xini_20190_yini_6777.npy,0
C:\Users\Virika\Downloads\kvpc\preprocessed_data\GG3_16B0024177_Block_Region_0_11_24_xini_46887_yini_119905.npy,1
C:\Users\Virika\Downloads\kvpc\preprocessed_data\GG5_16B0023614_Block_Region_2_17_11_xini_19758_yini_68581.npy,1
C:\Users\Virika\Downloads\kvpc\preprocessed_data\GG0_16B0027040_Block_Region_10_26_23_xini_52142_yini_42612.npy,0
C:\Users\Virika\Downloads\kvpc\preprocessed_data\GG3_16B0026795_Block_Region_10_3_19_xini_36874_yini_108010.npy,1
C:\Users\Virika\Downloads\kvpc\preprocessed_data\GG5_16B0023614_Block_Region_2_2_16_xini_24878_yini_53221.npy,1
C:\Users\Virika\Downloads\kvpc\preprocessed_data\GG0_16B0027040_Block_Region_12_3_2_xini_20580_yini_9912.npy,0
C:\Users\Virika\Downloads\kvpc\preprocessed_data\GG3_16B0026795_Block_Region_10_3_21_xini_38922_yini_108010.npy,1
C:\Users\Virika\Downloads\kvpc\preprocessed_data\GG1_18B0006622E_Block_Region_0_1_27_xini_41424_yini_146161.npy,1
C:\Users\Virika\Downloads\kvpc\preprocessed_data\GG0_16B0027040_Block_Region_12_2_3_xini_21604_yini_8888.npy,0
C:\Users\Virika\Downloads\kvpc\preprocessed_data\GG2_17B0018428_Block_Region_2_36_0_xini_5585_yini_94473.npy,1
C:\Users\Virika\Downloads\kvpc\preprocessed_data\GG0_16B0027040_Block_Region_12_0_0_xini_18532_yini_6840.npy,0
C:\Users\Virika\Downloads\kvpc\preprocessed_data\GG0_16B0027040_Block_Region_10_24_18_xini_47022_yini_40564.npy,0
C:\Users\Virika\Downloads\kvpc\preprocessed_data\GG4_17B0021010_Block_Region_0_2_16_xini_47928_yini_131201.npy,1
C:\Users\Virika\Downloads\kvpc\preprocessed_data\GG1_18B0006622E_Block_Region_0_2_34_xini_48592_yini_147185.npy,1
C:\Users\Virika\Downloads\kvpc\preprocessed_data\GG4_17B0021010_Block_Region_0_1_8_xini_39736_yini_130177.npy,1
C:\Users\Virika\Downloads\kvpc\preprocessed_data\GG4_17B0021010_Block_Region_0_1_14_xini_45880_yini_130177.npy,1
C:\Users\Virika\Downloads\kvpc\preprocessed_data\GG3_16B0026795_Block_Region_10_9_14_xini_31754_yini_114154.npy,1
C:\Users\Virika\Downloads\kvpc\preprocessed_data\GG5_16B0023614_Block_Region_2_10_14_xini_22830_yini_61413.npy,1
C:\Users\Virika\Downloads\kvpc\preprocessed_data\GG5_16B0023614_Block_Region_2_10_12_xini_20782_yini_61413.npy,1
C:\Users\Virika\Downloads\kvpc\preprocessed_data\GG2_17B0018428_Block_Region_2_28_7_xini_12753_yini_86281.npy,1
C:\Users\Virika\Downloads\kvpc\preprocessed_data\GG1_18B0006622E_Block_Region_0_1_28_xini_42448_yini_146161.npy,1
C:\Users\Virika\Downloads\kvpc\preprocessed_data\GG5_16B0023614_Block_Region_2_4_13_xini_21806_yini_55269.npy,1
C:\Users\Virika\Downloads\kvpc\preprocessed_data\GG3_16B0026795_Block_Region_10_4_21_xini_38922_yini_109034.npy,1
C:\Users\Virika\Downloads\kvpc\preprocessed_data\GG2_17B0031108_Block_Region_2_3_3_xini_19564_yini_81862.npy,1
C:\Users\Virika\Downloads\kvpc\preprocessed_data\GG0_16B0027040_Block_Region_12_5_7_xini_25700_yini_11960.npy,0
C:\Users\Virika\Downloads\kvpc\preprocessed_data\GG3_16B0026795_Block_Region_10_4_17_xini_34826_yini_109034.npy,1
C:\Users\Virika\Downloads\kvpc\preprocessed_data\GG5_16B0023614_Block_Region_2_8_15_xini_23854_yini_59365.npy,1
C:\Users\Virika\Downloads\kvpc\preprocessed_data\GG3_16B0026795_Block_Region_10_1_32_xini_50186_yini_105962.npy,1
C:\Users\Virika\Downloads\kvpc\preprocessed_data\GG1_18B0006622E_Block_Region_0_2_3_xini_16848_yini_147185.npy,1
C:\Users\Virika\Downloads\kvpc\preprocessed_data\GG5_16B0023614_Block_Region_2_21_7_xini_15662_yini_72677.npy,1
C:\Users\Virika\Downloads\kvpc\preprocessed_data\GG0_16B0027040_Block_Region_10_27_25_xini_54190_yini_43636.npy,0
C:\Users\Virika\Downloads\kvpc\preprocessed_data\GG5_16B0023614_Block_Region_2_21_6_xini_14638_yini_72677.npy,1
C:\Users\Virika\Downloads\kvpc\preprocessed_data\GG0_16B0027040_Block_Region_10_20_17_xini_45998_yini_36468.npy,0
C:\Users\Virika\Downloads\kvpc\preprocessed_data\GG3_16B0026795_Block_Region_10_5_18_xini_35850_yini_110058.npy,1
C:\Users\Virika\Downloads\kvpc\preprocessed_data\GG4_17B0021010_Block_Region_0_3_7_xini_38712_yini_132225.npy,1
C:\Users\Virika\Downloads\kvpc\preprocessed_data\GG5_16B0023614_Block_Region_2_0_22_xini_31022_yini_51173.npy,1
C:\Users\Virika\Downloads\kvpc\preprocessed_data\GG2_17B0018428_Block_Region_2_28_11_xini_16849_yini_86281.npy,1
C:\Users\Virika\Downloads\kvpc\preprocessed_data\GG2_17B0031108_Block_Region_2_2_8_xini_24684_yini_80838.npy,1
C:\Users\Virika\Downloads\kvpc\preprocessed_data\GG5_16B0023614_Block_Region_2_9_12_xini_20782_yini_60389.npy,1
C:\Users\Virika\Downloads\kvpc\preprocessed_data\GG3_16B0026795_Block_Region_10_0_35_xini_53258_yini_104938.npy,1
C:\Users\Virika\Downloads\kvpc\preprocessed_data\GG4_17B0019359_Block_Region_1_14_16_xini_28116_yini_65851.npy,1
C:\Users\Virika\Downloads\kvpc\preprocessed_data\GG2_17B0031108_Block_Region_2_1_8_xini_24684_yini_79814.npy,1
C:\Users\Virika\Downloads\kvpc\preprocessed_data\GG3_16B0026795_Block_Region_10_2_29_xini_47114_yini_106986.npy,1
C:\Users\Virika\Downloads\kvpc\preprocessed_data\GG5_16B0023614_Block_Region_2_21_8_xini_16686_yini_72677.npy,1
C:\Users\Virika\Downloads\kvpc\preprocessed_data\GG5_16B0023614_Block_Region_2_13_12_xini_20782_yini_64485.npy,1
C:\Users\Virika\Downloads\kvpc\preprocessed_data\GG5_16B0023614_Block_Region_2_5_13_xini_21806_yini_56293.npy,1
C:\Users\Virika\Downloads\kvpc\preprocessed_data\GG3_16B0026795_Block_Region_10_7_14_xini_31754_yini_112106.npy,1
C:\Users\Virika\Downloads\kvpc\preprocessed_data\GG0_16B0027040_Block_Region_12_5_8_xini_26724_yini_11960.npy,0
C:\Users\Virika\Downloads\kvpc\preprocessed_data\GG4_17B0021010_Block_Region_0_1_20_xini_52024_yini_130177.npy,1
C:\Users\Virika\Downloads\kvpc\preprocessed_data\GG5_16B0023614_Block_Region_2_16_10_xini_18734_yini_67557.npy,1
C:\Users\Virika\Downloads\kvpc\preprocessed_data\GG3_16B0026795_Block_Region_10_4_19_xini_36874_yini_109034.npy,1
C:\Users\Virika\Downloads\kvpc\preprocessed_data\GG5_16B0023613_Block_Region_3_31_29_xini_40599_yini_115138.npy,1
C:\Users\Virika\Downloads\kvpc\preprocessed_data\GG5_16B0023614_Block_Region_2_20_7_xini_15662_yini_71653.npy,1
C:\Users\Virika\Downloads\kvpc\preprocessed_data\GG1_18B0006622E_Block_Region_0_2_16_xini_30160_yini_147185.npy,1
C:\Users\Virika\Downloads\kvpc\preprocessed_data\GG1_18B0006622E_Block_Region_0_3_35_xini_49616_yini_148209.npy,1
C:\Users\Virika\Downloads\kvpc\preprocessed_data\GG1_18B0006622E_Block_Region_0_1_32_xini_46544_yini_146161.npy,1
C:\Users\Virika\Downloads\kvpc\preprocessed_data\GG0_16B0027040_Block_Region_12_3_5_xini_23652_yini_9912.npy,0
C:\Users\Virika\Downloads\kvpc\preprocessed_data\GG0_16B0027040_Block_Region_12_2_5_xini_23652_yini_8888.npy,0
C:\Users\Virika\Downloads\kvpc\preprocessed_data\GG3_16B0026795_Block_Region_10_1_26_xini_44042_yini_105962.npy,1
C:\Users\Virika\Downloads\kvpc\preprocessed_data\GG3_16B0026795_Block_Region_10_2_27_xini_45066_yini_106986.npy,1
C:\Users\Virika\Downloads\kvpc\preprocessed_data\GG1_18B0006622E_Block_Region_0_3_17_xini_31184_yini_148209.npy,1
C:\Users\Virika\Downloads\kvpc\preprocessed_data\GG2_17B0018428_Block_Region_2_35_1_xini_6609_yini_93449.npy,1
C:\Users\Virika\Downloads\kvpc\preprocessed_data\GG1_18B0006622E_Block_Region_0_2_11_xini_25040_yini_147185.npy,1
C:\Users\Virika\Downloads\kvpc\preprocessed_data\GG2_17B0018428_Block_Region_2_28_18_xini_24017_yini_86281.npy,1
C:\Users\Virika\Downloads\kvpc\preprocessed_data\GG4_17B0021010_Block_Region_0_2_17_xini_48952_yini_131201.npy,1
C:\Users\Virika\Downloads\kvpc\preprocessed_data\GG0_16B0027040_Block_Region_12_4_7_xini_25700_yini_10936.npy,0
C:\Users\Virika\Downloads\kvpc\preprocessed_data\GG5_16B0023613_Block_Region_3_35_29_xini_40599_yini_119234.npy,1
C:\Users\Virika\Downloads\kvpc\preprocessed_data\GG3_16B0026795_Block_Region_10_2_23_xini_40970_yini_106986.npy,1
C:\Users\Virika\Downloads\kvpc\preprocessed_data\GG1_18B0006622E_Block_Region_0_1_7_xini_20944_yini_146161.npy,1
C:\Users\Virika\Downloads\kvpc\preprocessed_data\GG0_16B0027040_Block_Region_10_27_24_xini_53166_yini_43636.npy,0
C:\Users\Virika\Downloads\kvpc\preprocessed_data\GG2_17B0031108_Block_Region_2_2_2_xini_18540_yini_80838.npy,1
C:\Users\Virika\Downloads\kvpc\preprocessed_data\GG2_17B0018428_Block_Region_2_35_0_xini_5585_yini_93449.npy,1
C:\Users\Virika\Downloads\kvpc\preprocessed_data\GG5_16B0023613_Block_Region_3_32_28_xini_39575_yini_116162.npy,1
C:\Users\Virika\Downloads\kvpc\preprocessed_data\GG2_17B0031108_Block_Region_2_5_0_xini_16492_yini_83910.npy,1
C:\Users\Virika\Downloads\kvpc\preprocessed_data\GG5_16B0023614_Block_Region_2_20_10_xini_18734_yini_71653.npy,1
C:\Users\Virika\Downloads\kvpc\preprocessed_data\GG4_17B0021010_Block_Region_0_1_19_xini_51000_yini_130177.npy,1
C:\Users\Virika\Downloads\kvpc\preprocessed_data\GG5_16B0023614_Block_Region_2_8_14_xini_22830_yini_59365.npy,1
C:\Users\Virika\Downloads\kvpc\preprocessed_data\GG2_17B0018428_Block_Region_2_28_12_xini_17873_yini_86281.npy,1
C:\Users\Virika\Downloads\kvpc\preprocessed_data\GG4_17B0021010_Block_Region_0_0_18_xini_49976_yini_129153.npy,1
C:\Users\Virika\Downloads\kvpc\preprocessed_data\GG4_17B0021010_Block_Region_0_1_10_xini_41784_yini_130177.npy,1
C:\Users\Virika\Downloads\kvpc\preprocessed_data\GG1_18B0006622E_Block_Region_0_0_28_xini_42448_yini_145137.npy,1
C:\Users\Virika\Downloads\kvpc\preprocessed_data\GG5_16B0023613_Block_Region_3_32_29_xini_40599_yini_116162.npy,1
C:\Users\Virika\Downloads\kvpc\preprocessed_data\GG0_16B0027040_Block_Region_10_24_23_xini_52142_yini_40564.npy,0
C:\Users\Virika\Downloads\kvpc\preprocessed_data\GG4_17B0021010_Block_Region_0_2_23_xini_55096_yini_131201.npy,1
C:\Users\Virika\Downloads\kvpc\preprocessed_data\GG3_16B0026795_Block_Region_10_9_12_xini_29706_yini_114154.npy,1
C:\Users\Virika\Downloads\kvpc\preprocessed_data\GG0_16B0027040_Block_Region_14_2_0_xini_20190_yini_4729.npy,0
C:\Users\Virika\Downloads\kvpc\preprocessed_data\GG0_16B0027040_Block_Region_12_5_4_xini_22628_yini_11960.npy,0
C:\Users\Virika\Downloads\kvpc\preprocessed_data\GG4_17B0021010_Block_Region_0_2_6_xini_37688_yini_131201.npy,1
C:\Users\Virika\Downloads\kvpc\preprocessed_data\GG1_18B0006622E_Block_Region_0_3_31_xini_45520_yini_148209.npy,1
C:\Users\Virika\Downloads\kvpc\preprocessed_data\GG0_16B0027040_Block_Region_10_25_20_xini_49070_yini_41588.npy,0
C:\Users\Virika\Downloads\kvpc\preprocessed_data\GG0_16B0027040_Block_Region_10_22_16_xini_44974_yini_38516.npy,0
C:\Users\Virika\Downloads\kvpc\preprocessed_data\GG3_16B0026795_Block_Region_10_7_15_xini_32778_yini_112106.npy,1
C:\Users\Virika\Downloads\kvpc\preprocessed_data\GG0_16B0027040_Block_Region_14_1_0_xini_20190_yini_3705.npy,0
C:\Users\Virika\Downloads\kvpc\preprocessed_data\GG2_17B0031108_Block_Region_3_1_1_xini_26542_yini_52023.npy,1
C:\Users\Virika\Downloads\kvpc\preprocessed_data\GG2_17B0018428_Block_Region_2_29_18_xini_24017_yini_87305.npy,1
C:\Users\Virika\Downloads\kvpc\preprocessed_data\GG0_16B0027040_Block_Region_14_2_1_xini_21214_yini_4729.npy,0
C:\Users\Virika\Downloads\kvpc\preprocessed_data\GG3_16B0026795_Block_Region_10_2_26_xini_44042_yini_106986.npy,1
C:\Users\Virika\Downloads\kvpc\preprocessed_data\GG2_17B0018428_Block_Region_2_34_1_xini_6609_yini_92425.npy,1
C:\Users\Virika\Downloads\kvpc\preprocessed_data\GG2_17B0018428_Block_Region_2_28_17_xini_22993_yini_86281.npy,1
C:\Users\Virika\Downloads\kvpc\preprocessed_data\GG5_16B0023614_Block_Region_2_0_16_xini_24878_yini_51173.npy,1
C:\Users\Virika\Downloads\kvpc\preprocessed_data\GG4_17B0021010_Block_Region_0_1_12_xini_43832_yini_130177.npy,1
C:\Users\Virika\Downloads\kvpc\preprocessed_data\GG2_17B0031108_Block_Region_2_6_1_xini_17516_yini_84934.npy,1
C:\Users\Virika\Downloads\kvpc\preprocessed_data\GG4_17B0021010_Block_Region_0_0_9_xini_40760_yini_129153.npy,1
C:\Users\Virika\Downloads\kvpc\preprocessed_data\GG5_16B0023614_Block_Region_2_6_13_xini_21806_yini_57317.npy,1
C:\Users\Virika\Downloads\kvpc\preprocessed_data\GG0_16B0027040_Block_Region_12_1_5_xini_23652_yini_7864.npy,0
C:\Users\Virika\Downloads\kvpc\preprocessed_data\GG2_17B0031108_Block_Region_2_1_9_xini_25708_yini_79814.npy,1
C:\Users\Virika\Downloads\kvpc\preprocessed_data\GG5_16B0023614_Block_Region_2_7_14_xini_22830_yini_58341.npy,1
C:\Users\Virika\Downloads\kvpc\preprocessed_data\GG5_16B0023614_Block_Region_2_12_14_xini_22830_yini_63461.npy,1
C:\Users\Virika\Downloads\kvpc\preprocessed_data\GG1_18B0006622E_Block_Region_0_2_31_xini_45520_yini_147185.npy,1
C:\Users\Virika\Downloads\kvpc\preprocessed_data\GG5_16B0023614_Block_Region_2_9_14_xini_22830_yini_60389.npy,1
C:\Users\Virika\Downloads\kvpc\preprocessed_data\GG0_16B0027040_Block_Region_12_3_3_xini_21604_yini_9912.npy,0
C:\Users\Virika\Downloads\kvpc\preprocessed_data\GG4_17B0021010_Block_Region_0_1_9_xini_40760_yini_130177.npy,1
C:\Users\Virika\Downloads\kvpc\preprocessed_data\GG4_17B0021010_Block_Region_0_3_18_xini_49976_yini_132225.npy,1
C:\Users\Virika\Downloads\kvpc\preprocessed_data\GG5_16B0023614_Block_Region_2_2_14_xini_22830_yini_53221.npy,1
C:\Users\Virika\Downloads\kvpc\preprocessed_data\GG2_17B0018428_Block_Region_2_30_4_xini_9681_yini_88329.npy,1
C:\Users\Virika\Downloads\kvpc\preprocessed_data\GG1_18B0006622E_Block_Region_0_3_22_xini_36304_yini_148209.npy,1
C:\Users\Virika\Downloads\kvpc\preprocessed_data\GG4_17B0019359_Block_Region_1_14_17_xini_29140_yini_65851.npy,1
C:\Users\Virika\Downloads\kvpc\preprocessed_data\GG3_16B0026795_Block_Region_10_11_7_xini_24586_yini_116202.npy,1
C:\Users\Virika\Downloads\kvpc\preprocessed_data\GG0_16B0027040_Block_Region_10_22_18_xini_47022_yini_38516.npy,0
C:\Users\Virika\Downloads\kvpc\preprocessed_data\GG4_17B0021010_Block_Region_0_2_18_xini_49976_yini_131201.npy,1
C:\Users\Virika\Downloads\kvpc\preprocessed_data\GG1_18B0005126C_Block_Region_6_6_19_xini_35882_yini_88535.npy,1
C:\Users\Virika\Downloads\kvpc\preprocessed_data\GG4_17B0019359_Block_Region_1_16_17_xini_29140_yini_67899.npy,1
C:\Users\Virika\Downloads\kvpc\preprocessed_data\GG0_16B0027040_Block_Region_10_27_27_xini_56238_yini_43636.npy,0
C:\Users\Virika\Downloads\kvpc\preprocessed_data\GG4_17B0021010_Block_Region_0_4_3_xini_34616_yini_133249.npy,1
C:\Users\Virika\Downloads\kvpc\preprocessed_data\GG1_18B0006622E_Block_Region_0_2_17_xini_31184_yini_147185.npy,1
C:\Users\Virika\Downloads\kvpc\preprocessed_data\GG5_16B0023613_Block_Region_3_34_30_xini_41623_yini_118210.npy,1
C:\Users\Virika\Downloads\kvpc\preprocessed_data\GG1_18B0006622E_Block_Region_0_0_30_xini_44496_yini_145137.npy,1
C:\Users\Virika\Downloads\kvpc\preprocessed_data\GG2_17B0031108_Block_Region_2_3_8_xini_24684_yini_81862.npy,1
C:\Users\Virika\Downloads\kvpc\preprocessed_data\GG0_16B0027040_Block_Region_12_1_2_xini_20580_yini_7864.npy,0
C:\Users\Virika\Downloads\kvpc\preprocessed_data\GG3_16B0026795_Block_Region_10_6_16_xini_33802_yini_111082.npy,1
C:\Users\Virika\Downloads\kvpc\preprocessed_data\GG4_17B0027646_Block_Region_6_1_1_xini_7106_yini_55172.npy,1
C:\Users\Virika\Downloads\kvpc\preprocessed_data\GG2_17B0018428_Block_Region_2_28_8_xini_13777_yini_86281.npy,1
C:\Users\Virika\Downloads\kvpc\preprocessed_data\GG3_16B0026795_Block_Region_10_3_25_xini_43018_yini_108010.npy,1
C:\Users\Virika\Downloads\kvpc\preprocessed_data\GG1_18B0005126C_Block_Region_6_6_18_xini_34858_yini_88535.npy,1
C:\Users\Virika\Downloads\kvpc\preprocessed_data\GG3_16B0026795_Block_Region_10_0_31_xini_49162_yini_104938.npy,1
C:\Users\Virika\Downloads\kvpc\preprocessed_data\GG5_16B0023614_Block_Region_2_13_14_xini_22830_yini_64485.npy,1
C:\Users\Virika\Downloads\kvpc\preprocessed_data\GG5_16B0023614_Block_Region_2_2_15_xini_23854_yini_53221.npy,1
C:\Users\Virika\Downloads\kvpc\preprocessed_data\GG5_16B0023614_Block_Region_2_8_13_xini_21806_yini_59365.npy,1
C:\Users\Virika\Downloads\kvpc\preprocessed_data\GG2_17B0031108_Block_Region_2_2_3_xini_19564_yini_80838.npy,1
C:\Users\Virika\Downloads\kvpc\preprocessed_data\GG5_16B0023614_Block_Region_2_5_14_xini_22830_yini_56293.npy,1
C:\Users\Virika\Downloads\kvpc\preprocessed_data\GG1_18B0006622E_Block_Region_0_4_16_xini_30160_yini_149233.npy,1
C:\Users\Virika\Downloads\kvpc\preprocessed_data\GG5_16B0023614_Block_Region_2_15_11_xini_19758_yini_66533.npy,1
C:\Users\Virika\Downloads\kvpc\preprocessed_data\GG4_17B0019359_Block_Region_1_12_16_xini_28116_yini_63803.npy,1
C:\Users\Virika\Downloads\kvpc\preprocessed_data\GG3_16B0026795_Block_Region_10_4_23_xini_40970_yini_109034.npy,1
C:\Users\Virika\Downloads\kvpc\preprocessed_data\GG4_17B0021010_Block_Region_0_3_3_xini_34616_yini_132225.npy,1
C:\Users\Virika\Downloads\kvpc\preprocessed_data\GG1_18B0006622E_Block_Region_0_2_12_xini_26064_yini_147185.npy,1
C:\Users\Virika\Downloads\kvpc\preprocessed_data\GG5_16B0023614_Block_Region_2_1_15_xini_23854_yini_52197.npy,1
C:\Users\Virika\Downloads\kvpc\preprocessed_data\GG1_18B0006622E_Block_Region_0_3_12_xini_26064_yini_148209.npy,1
C:\Users\Virika\Downloads\kvpc\preprocessed_data\GG1_18B0006622E_Block_Region_0_4_17_xini_31184_yini_149233.npy,1
